Alabama,1DH5289,Jeffrey Hall,jeffreyhall@gmail.com,2289877459,12/26/1996
Alabama,0,Madison Santiago,madisonsantiago@gmail.com,6564960560,02/12/1993
Alabama,1DH5872,Richard Alvarez,richardalvarez@gmail.com,5056444856,06/07/2065
Alaska,GEV844,Charles Leach,charlesleach@gmail.com,4702798054,05/15/1993
Alaska,GTW789,Dylan Owen,dylanowen@gmail.com,5056448940,10/06/1907
Alaska,GMH795,Linda Sampson,lindasampson@gmail.com,5032235068,04/08/2031
Alaska,EUS687,Lisa Bailey,lisabailey@gmail.com,2108827156,10/07/2098
Alaska,KBP752,Erin Miller,erinmiller@gmail.com,4123477154,10/27/2078
Alaska,CCC772,Maria Adams,mariaadams@gmail.com,5056440238,01/16/1909
Arizona,CE04413,Heather Johnson,heatherjohnson@gmail.com,5056920109,05/12/1997
Arizona,B0NDJB,Lisa Johnson,lisajohnson@gmail.com,2165457798,08/30/1902
Arizona,CCX4344,Robert Burns,robertburns@gmail.com,5054429098,07/25/1990
Arkansas,514KZE,Nicholas Sullivan,nicholassullivan@gmail.com,2248356157,10/21/2008
Arkansas,AAA23B,Daniel Watts,danielwatts@gmail.com,5056447867,08/07/2016
Arkansas,002YBX,Jason Campbell,jasoncampbell@gmail.com,2343549490,05/27/1967
Arkansas,311XKR,Craig Fox,craigfox@gmail.com,5055579611,05/03/1947
Arkansas,032XLT,Ronald Murphy,ronaldmurphy@gmail.com,2256937592,09/20/2085
Arkansas,284WME,Brooke Roberts,brookeroberts@gmail.com,2017084878,06/01/2025
California,8HHV339,Sheri Chavez,sherichavez@gmail.com,5058927224,01/26/1934
California,7LME059,Ryan Wilson,ryanwilson@gmail.com,5056466783,12/31/2001
California,8DKM380,Aaron Harper,aaronharper@gmail.com,2196894048,03/01/1983
California,8DZG034,Christine Hernandez,christinehernandez@gmail.com,5056464090,11/02/1975
California,ANRCHST,Susan Fleming,susanfleming@gmail.com,3095962371,07/26/1907
California,H8TTRFC,Timothy Krause,timothykrause@gmail.com,5059075039,02/09/1958
California,7AQS214,Diane Williams,dianewilliams@gmail.com,5056156534,11/24/1919
California,WLDCHIC,Zachary Williams,zacharywilliams@gmail.com,5056463950,10/06/1905
California,8BXC981,John Mitchell,johnmitchell@gmail.com,2064189858,12/09/2033
California,6UCP708,Lisa Morrow,lisamorrow@gmail.com,2344522067,06/08/1914
California,LESSSLI,Edward Reed,edwardreed@gmail.com,5056598030,11/22/1954
California,7ZPN788,Andrew Carlson,andrewcarlson@gmail.com,2016155791,06/29/2064
California,7AYW111,Meagan Williams,meaganwilliams@gmail.com,3076834502,04/03/1979
California,7BMB474,Ryan Boyd,ryanboyd@gmail.com,2205827410,03/31/2003
California,08576U1,Larry Collier,larrycollier@gmail.com,2187710006,01/23/1930
California,7LNV651,Alicia Clayton,aliciaclayton@gmail.com,2037299143,05/02/2068
California,6VBV765,Kathleen Mcintosh,kathleenmcintosh@gmail.com,5056463724,09/09/1956
California,6TRJ244,Trevor Calderon,trevorcalderon@gmail.com,3098813300,12/24/2050
California,SHEERAZ,Linda Graves,lindagraves@gmail.com,5056578057,06/30/2017
California,5FVP402,Melinda Young,melindeyoung@gmail.com,2253375012,01/20/1959
California,7KCG413,Elizabeth Waters,elizabethwaters@gmail.com,2243548823,07/18/1935
California,8JVM945,David Walls,davidwalls@gmail.com,3399543275,03/02/2011
California,02860C3,James Sanchez,jamessanchez@gmail.com,5056460818,10/23/2014
Colorado,EQR590,Angela Daniels,angeladaniels@gmail.com,5054480271,12/25/2003
Colorado,ADLD21,James Fischer,jamesfishcer@gmail.com,3192588431,12/20/1927
Colorado,586EHW,Tara Buchanan,tarabuchanan@gmail.com,2178518422,10/21/1900
Colorado,510IBD,Mary Garcia,marygarcia@gmail.com,5208064380,06/17/2051
Connecticut,AF00283,Kristina Booker,kristinabooker@gmail.com,2097256437,08/28/2000
Connecticut,5ABJE8,Shaun Jones,shaunjones@gmail.com,5186255063,08/30/1920
Connecticut,2ADKB8,Martin Jones,martinjones@gmail.com,5056466786,09/22/1946
Connecticut,9999CD,April Mason,aprilmason@gmail.com,5056469914,09/20/2009
Connecticut,2AKVL9,Cynthia Hull,cynthiahull@gmail.com,5057057136,02/24/2088
Connecticut,8718CF,Patrick Brown,patrickbrown@gmail.com,6185936591,09/28/2085
Connecticut,5AAHN6,Nicole Johnson,nicolejohnson@gmail.com,5056467610,06/04/2045
Connecticut,AMY,David Bridges,davidbridges@gmail.com,5056460872,04/07/1967
Connecticut,2,Hailey Horne,haileyhorne@gmail.com,5056447885,03/21/1950
Connecticut,6AAAA1,Haley Morris,haleymorris@gmail.com,3095406580,04/21/1928
Connecticut,253ZSF,Haley Yates,haleyyates@gmail.com,5059792519,09/12/1966
Connecticut,6500,Shelley Johnson,shelleyjohnson@gmail.com,5055530120,12/24/2085
Connecticut,AA08830,Heidi Griffith,heidigriffith@gmail.com,2092712134,08/23/2098
Connecticut,0AGMR9,Luke Miller,lukemiller@gmail.com,5057410454,04/17/2046
Connecticut,784PAJ,James Ramirez,jamesramirez@gmail.com,5057880941,02/14/1938
Connecticut,392YNJ,Patrick Pham,patrickpham@gmail.com,3253953030,03/05/2010
Connecticut,3674,Jesus Watson,jesuswatson@gmail.com,5093290105,10/20/2030
Connecticut,7ABKH6,Erika Downs,erikadowns@gmail.com,5056448452,05/30/1932
Connecticut,3CF593,Michelle Garcia,michellegarcia@gmail.com,5054318361,09/25/1969
Connecticut,NEWMAN,Rodney Rivera,rodneyrivera@gmail.com,5055291196,05/18/1980
Connecticut,871,Jeffrey Bennett,jeffreybennet@gmail.com,5058112404,12/25/2099
Connecticut,2ABHA7,Danielle Guzman,danielleguzman@gmail.com,5056441824,07/08/2054
Connecticut,AB83477,Frances Dixon,francesdixon@gmail.com,5056444471,12/02/2041
Connecticut,999994,Jennifer Lewis,jenniferlewis@gmail.com,3105786530,02/25/1960
Connecticut,4AKEN8,Cristina Humphrey,crsitinahumphrey@gmail.com,3019382754,06/02/1960
Connecticut,0AAAA9,Shannon Little,shannonlittle@gmail.com,8064738163,12/30/2081
Connecticut,H0T4IR,Beth Reed,bethreed@gmail.com,2129511852,07/09/2032
Connecticut,772XXU,Tina Sherman,tinasherman@gmail.com,4016138576,05/19/1914
Connecticut,409XWE,Erica Clark,ericaclark@gmail.com,5056464548,12/28/1911
Delaware,FT6314,Stephanie Hicks,stephaniehicks@gmail.com,5056045831,06/25/1951
Delaware,122222,Christopher Stout,christopherstout@gmail.com,2055623954,05/15/1964
Delaware,489761,Danielle Casey,daniellecasey@gmail.com,3522931606,12/01/2081
Delaware,45,Theresa Robinson,theresarobinson@gmail.com,3129574491,12/12/1946
Delaware,D,Jose Williams,josewilliams@gmail.com,2015419833,04/16/1926
Delaware,BLUEYZ,Valerie Reilly,valeriereilly@gmail.com,3263015932,12/31/2043
Delaware,PHISH,Danielle Day,danilleday@gmail.com,5056463261,02/01/1974
Delaware,297,Tracy Stephenson,traceystephenson@gmail.com,5056466988,03/28/1967
Delaware,841012,Joshua Crawford,joshuacrawford@gmail.com,5056838572,04/21/2096
Delaware,101010,James Morgan,jamesmorgan@gmail.com,5056464036,02/23/2017
Delaware,388195,Eric Le,ericle@gmail.com,2068235920,11/22/2041
Delaware,C100419,Carol Dominguez,caroldominguez@gmail.com,2129476303,02/16/2055
Delaware,L0WNMBR,Heather Miranda,heathermiranda@gmail.com,5056702295,01/30/2081
Delaware,BUCKIZE,Jeffrey Bond,jeffreybond@gmail.com,5056447368,05/10/1967
Florida,98AJDS,Diana Garcia,dianagarcia@gmail.com,8023969486,10/18/2087
Florida,STPETE2,Sylvia Petersen,sylviapeterson@gmail.com,3803296365,06/16/1998
Florida,W71GJF,Caroline Delacruz,carolinedelacruz@gmail.com,5056464297,09/14/1987
Florida,LHTG87,Ruth Solomon,ruthsolomon@gmail.com,2063990781,04/21/1979
Florida,IYTE32,Jocelyn Torres,jocelyntorres@gmail.com,2282047344,11/12/1986
Georgia,RRD7798,Michael Ruiz,michaelruiz@gmail.com,3207492448,01/31/1910
Georgia,8,Charles Woodard,charleswoodard@gmail.com,5055707657,06/26/2002
Georgia,CLD4318,Christopher Williams,christopherwilliams@gmail.com,5056466743,10/10/1917
Georgia,IDH8T0,Alexandria Henry,alexandriahenry@gmail.com,3314266123,08/18/1942
Hawaii,LLL723,Carla Chase,carlachase@gmail.com,3149116261,03/05/1985
Hawaii,PTS400,Amber Howard,amberhoward@gmail.com,3105874756,12/21/2006
Hawaii,MNG728,Ashley Galloway,ashleygalloway@gmail.com,2035781030,06/19/1957
Idaho,1AD849T,Ronald Parker,ronaldparker@gmail.com,2012071707,07/16/1999
Idaho,8BR2721,Rhonda Martinez,rhondamartinez@gmail.com,3203275967,07/10/1915
Idaho,1AWJ785,Matthew Hanson,matthewhanson@gmail.com,5057352679,08/29/2083
Idaho,1A1975N,Edward Stein,edwardstein@gmail.com,2029990125,01/03/1986
Idaho,1ALU987,Carl Diaz,carldiaz@gmail.com,2166336924,02/23/1990
Idaho,2TCJ403,Ashley Mcintosh,ashleymcintosh@gmail.com,2238965697,10/17/2080
Idaho,P0TAT0,Richard Love,richardlove@gmail.com,5056823475,09/05/1981
Idaho,0,Janet Smith,janetsmith@gmail.com,5056446279,07/04/1926
Idaho,1AJ6090,Susan Freeman,susanfreeman@gmail.com,5056443085,06/23/1956
Idaho,MPH714,Bradley Johnson,bradleyjohnson@gmail.com,2076902002,01/14/1964
Idaho,SA1751,Amber Wong,amberwong@gmail.com,3259441404,09/05/2077
Idaho,1A4632S,Lisa Leach,lisaleach@gmail.com,4044977384,12/05/1962
Idaho,1AUS557,Sara Estrada,saraestrada@gmail.com,5058388839,12/03/1937
Illinois,Z759800,Linda Gonzalez,lindagonzalez@gmail.com,4248464127,10/15/1902
Illinois,AAG777,Lisa Olson,lisaolsen@gmail.com,5056446318,12/29/2076
Illinois,ZZ40794,Dominique Nelson,dominquenelson@gmail.com,2313367501,05/01/1943
Indiana,SFK926,Dawn Coleman,dawncoleman@gmail.com,5056469260,05/30/1945
Indiana,WQD444,Brandon Williams,brandonwilliams@gmail.com,3088891970,08/11/1958
Iowa,AKV363,Michelle Mcgee,michellemcgee@gmail.com,5056460642,12/16/1959
Kansas,RVN,Kimberly Hernandez,kimberlyhernandez@gmail.com,5056943719,10/27/2048
Kentucky,79,Michael Barber,michaelbarber@gmail.com,2013645921,09/23/2012
Kentucky,207ZAV,Heather Williams,heatherwilliams@gmail.com,5107169580,05/04/2074
Kentucky,417VSL,Brittany Taylor,brittanytaylor@gmail.com,2194319915,05/30/1965
Kentucky,694VHB,Leslie Woods,lesliewoods@gmail.com,5056709952,11/01/2041
Louisiana,YYA800,Brenda Adams,brendaadams@gmail.com,2285661387,12/29/1900
Louisiana,ZHK814,Nicholas Klein,nicholaslein@gmail.com,2058381075,05/20/2010
Louisiana,YKH436,Shawn Howell,shawnhowell@gmail.com,3165413739,01/11/2092
Maine,4425XJ,Chad Ortiz,chadortiz@gmail.com,5059938219,12/26/1961
Maine,MDJJS5,Tricia Patrick,triciapatrick@gmail.com,5056101012,03/27/1943
Maine,1Z,Melanie Smith,melaniesmith@gmail.com,2019028981,06/29/2083
Maine,INNS,Sarah Summers,sarahsummers@gmail.com,3203024414,11/13/1993
Maine,4011YA,Veronica Gonzalez,veronicagonzalez@gmail.com,5056394198,07/24/1914
Maryland,2AC4654,Timothy Rocha,timothyrocha@gmail.com,5056511214,03/06/1940
Maryland,7MD2405,Edgar Brandt,edgarbrandt@gmail.com,5023552394,09/29/2012
Maryland,8BG4954,Stephanie Hughes,stephanie@gmail.com,,2087615386,07/06/1930
Massachusetts,1HJF64,Barry Franco,barryfranco@gmail.com,5059741399,08/21/1981
Massachusetts,7KY777,William Butler,williambutler@gmail.com,6053357600,02/29/2060
Massachusetts,2CVN15,Jacob Rogers,jacobradgers@gmail.com,3105424281,08/06/2099
Massachusetts,XCSKI,Walter Quinn,walterquinn@gmail.com,3139678100,04/09/2003
Massachusetts,9GAP10,Rhonda Koch,rhondakoch@gmail.com,5058085104,04/19/2038
Massachusetts,V92,Paul Fleming,paulfleming@gmail.com,5052713912,11/23/2083
Massachusetts,19F770,Jason Cardenas,jasoncardenas@gmail.com,5056461663,07/23/2055
Massachusetts,710,Jacqueline Hunt,jacquelinehunt@gmail.com,2102841673,11/27/1971
Massachusetts,215BG2,Cathy Powers,cathypowers@gmail.com,5056448243,11/24/2041
Massachusetts,CAPER,Lisa Wilkins,lisawilkins@gmail.com,5055572543,01/20/1961
Massachusetts,10787,Robert Meyers,robertmeyers@gmail.com,5058796755,05/02/1983
Massachusetts,41J410,Edward Allen,edwardallen@gmail.com,4129411034,05/31/1974
Massachusetts,0,Stephanie Cochran,stephaniecochran@gmail.com,5056869559,07/03/1942
Massachusetts,107G30,Jacob Aguirre,jacobaquirre@gmail.com,5056465896,11/26/2090
Michigan,DWR2776,David Mason,davidmason@gmail.com,2726914536,04/26/2037
Michigan,EBP5414,Deborah Alvarado,deborahalvarado@gmail.com,4176658589,10/20/2057
Michigan,DNJ0955,Scott Richardson,scottrichardson@gmail.com,2103586567,09/09/2094
Michigan,DAQ5611,Michele Sexton,michelesexton@gmail.com,5053143974,03/05/2008
Minnesota,382AMC,Benjamin Rosales,benjaminrosales@gmail.com,2407971748,07/20/1954
Minnesota,819285,Nicholas Jones,nicholasjones@gmail.com,5056794005,01/19/1981
Minnesota,787HDD,Hector Allen,hectorallen@gmail.com,5056248536,09/23/1920
Minnesota,AYP197,Mr. Kyle Harrington,kyleharrington@gmail.com,3139175428,04/04/2037
Minnesota,457MKZ,Todd Finley,toddfinley@gmail.com,3057884942,03/11/2007
Minnesota,AVI2455,Kimberly Singh,kimberlysingh@gmail.com,5056445083,12/27/2042
Minnesota,JULEZ,Alec Walker,alecwalker@gmail.com,2142031300,05/10/2056
Minnesota,MES639,Lisa Hill,lisahill@gmail.com,2155587242,02/28/1912
Minnesota,583WLP,Ebony Smith,ebonysmith@gmail.com,5105179894,02/19/1995
Minnesota,831LAH,Michael Johnson,michaeljohnson@gmail.com,2163686234,06/30/2073
Minnesota,035EBY,Chad Fox,chadfox@gmail.com,5056461883,04/26/2094
Minnesota,DDW515,Manuel Chambers,manuelchambers@gmail.com,2403402154,04/16/1970
Mississippi,RAF660,Shawna Clark,shawnaclark@gmail.com,5056022987,01/11/2090
Missouri,91,Noah Brown,noahbrown@gmail.com,2167787076,12/01/2065
Missouri,84E3HX,Laura Silva,laurasilva@gmail.com,2127401243,10/19/1948
Missouri,DE8Y2A,Kevin Smith,kevinsmith@gmail.com,5052588541,03/15/2019
Missouri,HK0D4J,Emily May,emilymay@gmail.com,4128976931,05/22/2038
Montana,351783B,Peter Bailey,peterbailey@gmail.com,5056460418,06/11/1904
Montana,235559,Jennifer Benson,jenniferbenson@gmail.com,5056630423,02/08/1964
Montana,358812B,Renee Smith,reneesmith@gmail.com,5054800621,11/05/2017
Montana,388169B,Mark Ortiz,markortiz@gmail.com,2482863932,04/27/2071
Nebraska,TFV376,Michael Mata,michaelmata@gmail.com,2395811399,02/14/2094
Nebraska,20AG65,Kimberly Fuentes,kimberlyfuentes@gmail.com,3138490042,01/16/2088
Nevada,969ZDC,Ronald Wade,ronaldwade@gmail.com,4256789713,08/20/1956
Nevada,900829,Michelle Hart,michellehart@gmail.com,3152988926,07/27/1963
Nevada,JNJJEMM,Michelle Whitney,michellewhitney@gmail.com,3079994338,02/06/1956
Nevada,22449,Tara Petty,tarapetty@gmail.com,5055866832,06/06/1942
Nevada,126482,Crystal Hart,crystalhart@gmail.com,5056628385,07/11/1957
Nevada,G,Kathryn Sloan,kathrynsloan@gmail.com,2062828942,09/29/2030
Nevada,879ZCM,Julie Lambert,julielambert@gmail.com,2254666009,05/19/2069
Nevada,ERTHSHP,Thomas Benson,thomasbenson@gmail.com,5056440163,01/31/2039
Nevada,SHPCART,Christina Williams,christinawilliams@gmail.com,6173843118,10/02/2010
Nevada,879TDA,Michael James,michaeljames@gmail.com,5056445483,01/20/1903
Nevada,901615,Troy Henry,troyhenry@gmail.com,2013808316,07/07/2057
Nevada,SAMPLE,Matthew Hernandez,matthewhernandez@gmail.com,5056668553,02/13/1957
Nevada,890ANV,Martin Pham,martinpham@gmail.com,5055385213,12/12/1946
Nevada,BEBEKH0,Andrew Scott,andrewscott@gmail.com,4073586092,10/22/1906
Nevada,00C669,Heather Torres,heathertorres@gmail.com,5056461969,06/14/1976
Nevada,DRVIR0N,Joshua Dawson,joshuadawson@gmail.com,5056389744,12/15/1919
Nevada,165030,Andrew Johnson,andrewjohnson@gmail.com,5056466086,08/01/1930
Nevada,248UGM,Mark Franklin,markfranklin@gmail.com,2196246112,03/20/2075
Nevada,1269,Jacqueline Lee,jacquelilnelee@gmail.com,5056463115,02/13/1905
Nevada,430APG,Emily Thomas,emilythomas@gmail.com,5057274366,08/07/1954
New Hampshire,4108588,Dan Mason,danmason@gmail.com,5056440803,04/23/1911
New Hampshire,3389760,Anthony Maxwell,anthonymaxwell@gmail.com,3099988137,11/18/1932
New Hampshire,3171327,John Miller,johnmiller@gmail.com,5056462486,12/09/2040
New Hampshire,4645941,Bradley Ramsey,bradleyramsey@gmail.com,5058790209,07/30/2011
New Hampshire,4319881,Christopher Baker,christopherbaker@gmail.com,3398908355,06/02/1991
New Hampshire,3094227,Patrick Durham,patrickdurham@gmail.com,5056463048,04/08/2003
New Hampshire,1043498,Christine Carter,christimecarter@gmail.com,3155008450,12/10/2067
New Hampshire,3776283,Colleen Smith,colleensmith@gmail.com,5056448574,04/27/1908
New Hampshire,849041,Sarah Miller,sarahmiller@gmail.com,5056449520,02/24/1965
New Hampshire,1880340,Stephanie Sampson,stephaniesampson@gmail.com,5015201124,11/16/1946
New Hampshire,2072653,Edward Thompson,edwardthompson@gmail.com,5058062297,11/18/2004
New Hampshire,294381,Jean Reyes,jeanreyes@gmail.com,5056461414,10/05/1962
New Hampshire,1066384,Megan Jones,meganjones@gmail.com,2182364546,02/04/1978
New Jersey,R75EFL,Heather Clark,heatherclark@gmail.com,2256674027,09/01/1962
New Jersey,E33LAD,Adam Riley,adamriley@gmail.com,2102280050,06/19/1940
New Jersey,R55FZF,Molly Castro,mollycastro@gmail.com,9094916852,06/16/1905
New Jersey,G74MBB,Melissa Landry,melissalandry@gmail.com,5058332141,01/24/2068
New Jersey,C90ELE,Michele Arnold,michellearnold@gmail.com,5054269170,10/05/2003
New Mexico,LJA985,Connie Jones,conniesjones@gmail.com,2072042799,11/15/1939
New Mexico,IQZER0,Wendy Martinez,wendymartinez@gmail.com,5056862555,05/01/2032
New Mexico,PFC602,Shirley Wood,shirleywood@gmail.com,5056441538,07/03/1917
New York,JKS3724,Nicholas Reed,nicholasreed@gmail.com,3037609853,05/07/2027
New York,11183BB,John Lopez,johnlopez@gmail.com,5056465849,11/22/2094
New York,GAP4563,Monica Le,monicale@gmail.com,6172316923,05/20/2053
New York,R14893,Melissa Santos,melissasantos@gmail.com,2098686304,10/13/1964
North Carolina,AEL49,Mary Le,maryle@gmail.com,2068805382,01/15/2064
North Carolina,DKS561,Stephanie Griffin,stephanigriffin@gmail.com,2062053688,05/06/1961
North Carolina,ZSY291,Lindsey Gomez,lindseygomez@gmail.com,3029560867,06/14/2072
North Carolina,DXT4752,Jacob Miller,jacobmiller@gmail.com,2259618910,05/16/1954
North Dakota,CAKE4U,Shannon Hanson,shannonhanson@gmail.com,5056536736,08/04/1957
North Dakota,JYJ557,Alan Sanchez,alansanchez@gmail.com,2394583762,01/29/1937
North Dakota,DAK367,Darrell Luna,darrellluna@gmail.com,2025791040,06/11/2006
Ohio,0HI0,Andrew Collins,andrewcollins@gmail.com,8657490529,06/17/1912
Oklahoma,352AKX,Robert Moon,robertmoon@gmail.com,4048483541,06/13/1904
Oregon,QFM713,Barbara Johnson,barbarajohnson@gmail.com,5056468038,07/02/2091
Oregon,873GNT,Philip Matthews,philipmatthews@gmail.com,2245687465,12/19/1913
Oregon,942FQL,Lauren White,laurenwhite@gmail.com,2085150404,02/02/2009
Oregon,YWT225,Jason Robinson,jasonrobinson@gmail.com,4028716287,06/19/2012
Pennsylvania,XCG6033,Michael Rodgers,michaelrodgers@gmail.com,5056447474,09/29/1976
Pennsylvania,DT09667,Michael Jones,michaeljones@gmail.com,5058000361,06/10/2096
Pennsylvania,YYX2828,Robert Joseph,robertjoseph@gmail.com,4052055280,04/22/2099
Pennsylvania,ABC1234,Martin Jackson,martinjackson@gmail.com,5056726557,07/05/1921
Pennsylvania,AF71404,Reginald Hanna,reginaldhanna@gmail.com,5058952678,06/03/1994
Pennsylvania,IQU010,Michael Mcclure,michaelmcclure@gmail.com,5056706287,10/19/2039
Pennsylvania,HMM3999,Lauren Dyer,laurendyer@gmail.com,5052427782,04/12/1958
Pennsylvania,HH01271,Jeanne Russell,jeannerussell@gmail.com,5056469765,05/03/2093
Pennsylvania,RT49800,Michael Stein,michaelstein@gmail.com,2484447528,10/01/1966
Rhode Island,1BF597,Todd Clark,toddclark@gmail.com,5056460338,09/19/2024
Rhode Island,72957,Lisa Thomas,lisathomas@gmail.com,5056468775,12/17/1954
Rhode Island,KS693,Julie Chung,juliechung@gmail.com,3089616520,12/15/1910
Rhode Island,1DC613,Sylvia Wagner,sylviawagner@gmail.com,2342925926,04/27/2099
South Carolina,IZI693,Kristina Gonzalez,kristinagonzalez@gmail.com,5056444419,04/25/1945
South Carolina,LXS478,Elizabeth Campos,elizabethcampos@gmail.com,2197311135,12/09/2049
South Dakota,1BLV44,Chad Miller,chadmiller@gmail.com,5056467750,11/29/2070
Tennessee,V9459X,Elizabeth Stewart,elizabethstewart@gmail.com,2063007309,07/08/2007
Tennessee,111SSS,Pamela Gonzalez,pamelagomez@gmail.com,2182898699,02/18/1932
Tennessee,N4537B,Tracey Smith,traceysmith@gmail.com,3075294521,09/19/1941
Tennessee,995BML,David Grimes,davidgrimes@gmail.com,5024978688,11/05/1981
Tennessee,N5482W,Jared James,jaredjames@gmail.com,5056442672,05/20/2038
Tennessee,8T89L4,Amy Melendez,amymelendez@gmail.com,5059530128,06/23/1996
Tennessee,140YTB,Austin Dennis,austindennis@gmail.com,5056116885,08/18/1937
Tennessee,5V45K7,Daniel Lee,daniellee@gmail.com,3076380022,01/01/1934
Tennessee,7B16E6,Heather Thompson,heatherthompson@gmail.com,5056466043,03/24/2002
Texas,AA08199,Darlene Ortiz,darleneortiz@gmail.com,4194361898,11/25/1994
Texas,BK6H598,Sarah Young,sarahyoung@gmail.com,5052877707,05/25/1906
Utah,B059JK,Brian Dunlap,briandunlap@gmail.com,5056448086,01/21/1914
Utah,E093RG,John Burns,johnburns@gmail.com,5158075065,09/11/1912
Vermont,0,Jeffrey Price,jefferyprice@gmail.com,3198457236,03/15/1915
Vermont,T16111,Eric Lopez,ericlopez@gmail.com,3419064263,05/31/1939
Vermont,29,Crystal Kane,crystalkane@gmail.com,5056236167,01/12/1928
Vermont,CGX308,William Wilson,williamwilson@gmail.com,5058623394,11/28/2042
Vermont,23,Debra Torres,debratorres@gmail.com,2037284454,03/30/2067
Vermont,BRAHMS,Nancy Lewis,nancylewis@gmail.com,3182528933,06/01/2078
Vermont,GLX984,Garrett Owens,garrettowens@gmail.com,5058861236,04/22/2004
Virginia,SAMPLE,Stefanie Ortiz,stefanieortiz@gmail.com,5056627092,05/25/1915
Virginia,YHT9919,Paul Gould,paulgould@gmail.com,2318057142,03/20/1908
Washington,458UGU,Kimberly Terry,kimberlyterry@gmail.com,3095488353,06/11/2004
Washington,BJS3288,Tammy Martin,tammymartin@gmail.com,5056074631,01/14/2041
Washington,AUV1636,Susan Lewis,susanlewis@gmail.com,2344178970,03/06/2092
Washington,CAA0286,Sarah Wagner,sarahwagner@gmail.com,5056440620,09/24/2039
West Virginia,1DC821,Mark Simmons,marksimmons@gmail.com,2246681893,04/01/1954
West Virginia,NAD434,Daniel Rodriguez,danielrodriguez@gmail.com,5057491831,06/23/1958
West Virginia,43F865,Stacey Holt,staceyholt@gmail.com,2125817480,05/23/1984
West Virginia,661,David Sampson,davidsamson@gmail.com,5053675992,04/15/2065
West Virginia,JWX6,Debra Sosa,debrasosa@gmail.com,5059762680,05/20/2062
West Virginia,2MZ227,Jesse Spence,jessespence@gmail.com,5058261522,01/30/1983
West Virginia,2MN830,Jamie Ford,jamieford@gmail.com,5055842780,12/22/1928
West Virginia,K9HANDLR,Bryan Stanley,bryanstanley@gmail.com,5059307287,12/11/2099
West Virginia,53B229,Linda Woods,lindawoods@gmail.com,5056448887,04/03/2032
West Virginia,64X331,Vanessa Rowland,vanessarowlnad@gmail.com,2097845711,07/18/1913
West Virginia,9UW767,Christina Combs,christinacombs@gmail.com,5056467724,08/02/2007
West Virginia,9DD999,Alan Mcdaniel,alanmcdaniel@gmail.com,5056515498,03/06/1967
West Virginia,99977,Michael Morgan,michaelmorgan@gmail.com,2392990704,09/28/1997
West Virginia,BIGDREMZ,Kathryn Perkins,kathrynperkins@gmail.com,5056563053,11/26/2008
West Virginia,71T908,Christine Marshall,christinemarshall@gmail.com,5056842395,03/27/2022
West Virginia,2WP941,Brianna Holland,briannaholland@gmail.com,2032345038,01/24/1944
West Virginia,55H247,Thomas Guzman,thomasguzman@gmail.com,2035903027,10/01/1976
West Virginia,72B153,Kevin Beck,kevinbeck@gmail.com,5057685661,10/03/2031
West Virginia,JWC2,Douglas Gentry,douglasgentry@gmail.com,5056770236,09/19/2022
West Virginia,2,Gavin Harding,gavinharding@gmail.com,5055948131,12/25/2062
West Virginia,35,Vincent Park,vincentpark@gmail.com,4237599812,01/04/2051
West Virginia,CURAWTZM,Sarah Knight,sarahknight@gmail.com,2059077226,09/29/2083
West Virginia,52T874,Shawn Matthews,shawnmatthews@gmail.com,2015494221,12/26/2051
Wisconsin,778393,Sandra Zuniga,sandrazuniga@gmail.com,2396505732,10/06/1936
Wisconsin,777LLL,Brandon Robinson,brandonrobinson@gmail.com,5057980064,09/01/2040
Wisconsin,264077F,Andrew Smith,andrewsmith@gmail.com,3137714994,08/13/2003
Wyoming,11450B,Molly Jones,mollyjones@gmail.com,5055467211,07/22/2026
Wyoming,2248973,Kristin Franklin,kristinfranklin@gmail.com,2135528036,11/06/2051
Wyoming,1753194,Shannon Hughes,shannonhughes@gmail.com,5056989051,02/11/1954
Alaska,GEV844,Bob Smith,example@gmail.com,999629813,1990-10-13
